base_attack,base_defense,base_stamina,form,pokemon_name
118,111,128,Fall_2019,Bulbasaur
118,111,128,Normal,Bulbasaur
151,143,155,Normal,Ivysaur
198,189,190,Copy_2019,Venusaur
198,189,190,Normal,Venusaur
116,93,118,Fall_2019,Charmander
116,93,118,Normal,Charmander
158,126,151,Normal,Charmeleon
223,173,186,Copy_2019,Charizard
223,173,186,Normal,Charizard
94,121,127,Fall_2019,Squirtle
94,121,127,Normal,Squirtle
126,155,153,Normal,Wartortle
171,207,188,Copy_2019,Blastoise
171,207,188,Normal,Blastoise
55,55,128,Normal,Caterpie
45,80,137,Normal,Metapod
167,137,155,Normal,Butterfree
63,50,120,Normal,Weedle
46,75,128,Normal,Kakuna
169,130,163,Normal,Beedrill
85,73,120,Normal,Pidgey
117,105,160,Normal,Pidgeotto
166,154,195,Normal,Pidgeot
103,70,102,Alola,Rattata
103,70,102,Normal,Rattata
135,154,181,Alola,Raticate
161,139,146,Normal,Raticate
112,60,120,Normal,Spearow
182,133,163,Normal,Fearow
110,97,111,Normal,Ekans
167,153,155,Normal,Arbok
112,96,111,Adventure_hat_2020,Pikachu
112,96,111,Copy_2019,Pikachu
112,96,111,Costume_2020,Pikachu
112,96,111,Doctor,Pikachu
112,96,111,Fall_2019,Pikachu
112,96,111,Flying_01,Pikachu
112,96,111,Flying_02,Pikachu
112,96,111,Flying_03,Pikachu
112,96,111,Flying_04,Pikachu
112,96,111,Flying_5th_anniv,Pikachu
112,96,111,Flying_okinawa,Pikachu
112,96,111,Gofest_2022,Pikachu
112,96,111,Gofest_2024_mtiara,Pikachu
112,96,111,Gofest_2024_stiara,Pikachu
112,96,111,Gotour_2024_a,Pikachu
112,96,111,Gotour_2024_a_02,Pikachu
112,96,111,Gotour_2024_b,Pikachu
112,96,111,Gotour_2024_b_02,Pikachu
112,96,111,Horizons,Pikachu
112,96,111,Jeju,Pikachu
112,96,111,Kariyushi,Pikachu
112,96,111,Normal,Pikachu
112,96,111,Pop_star,Pikachu
112,96,111,Rock_star,Pikachu
112,96,111,Summer_2023_a,Pikachu
112,96,111,Summer_2023_b,Pikachu
112,96,111,Summer_2023_c,Pikachu
112,96,111,Summer_2023_d,Pikachu
112,96,111,Summer_2023_e,Pikachu
112,96,111,Tshirt_01,Pikachu
112,96,111,Tshirt_02,Pikachu
112,96,111,Tshirt_03,Pikachu
112,96,111,Vs_2019,Pikachu
112,96,111,Wcs_2022,Pikachu
112,96,111,Wcs_2023,Pikachu
112,96,111,Wcs_2024,Pikachu
112,96,111,Winter_2020,Pikachu
201,154,155,Alola,Raichu
193,151,155,Normal,Raichu
125,129,137,Alola,Sandshrew
126,120,137,Normal,Sandshrew
177,195,181,Alola,Sandslash
182,175,181,Normal,Sandslash
86,89,146,Normal,Nidoran♀
117,120,172,Normal,Nidorina
180,173,207,Normal,Nidoqueen
105,76,130,Normal,Nidoran♂
137,111,156,Normal,Nidorino
204,156,191,Normal,Nidoking
107,108,172,Normal,Clefairy
178,162,216,Normal,Clefable
96,109,116,Alola,Vulpix
96,109,116,Normal,Vulpix
170,193,177,Alola,Ninetales
169,190,177,Normal,Ninetales
80,41,251,Normal,Jigglypuff
156,90,295,Normal,Wigglytuff
83,73,120,Normal,Zubat
161,150,181,Normal,Golbat
131,112,128,Normal,Oddish
153,136,155,Normal,Gloom
202,167,181,Normal,Vileplume
121,99,111,Normal,Paras
165,146,155,Normal,Parasect
100,100,155,Normal,Venonat
179,143,172,Normal,Venomoth
108,81,67,Alola,Diglett
109,78,67,Normal,Diglett
201,142,111,Alola,Dugtrio
167,136,111,Normal,Dugtrio
99,78,120,Alola,Meowth
115,92,137,Galarian,Meowth
92,78,120,Normal,Meowth
158,136,163,Alola,Persian
150,136,163,Normal,Persian
122,95,137,Normal,Psyduck
191,162,190,Normal,Golduck
148,82,120,Normal,Mankey
207,138,163,Normal,Primeape
142,92,155,Hisuian,Growlithe
136,93,146,Normal,Growlithe
232,165,216,Hisuian,Arcanine
227,166,207,Normal,Arcanine
101,82,120,Normal,Poliwag
130,123,163,Normal,Poliwhirl
182,184,207,Normal,Poliwrath
195,82,93,Normal,Abra
232,117,120,Normal,Kadabra
271,167,146,Normal,Alakazam
137,82,172,Normal,Machop
177,125,190,Normal,Machoke
234,159,207,Normal,Machamp
139,61,137,Normal,Bellsprout
172,92,163,Normal,Weepinbell
207,135,190,Normal,Victreebel
97,149,120,Normal,Tentacool
166,209,190,Normal,Tentacruel
132,132,120,Alola,Geodude
132,132,120,Normal,Geodude
164,164,146,Alola,Graveler
164,164,146,Normal,Graveler
211,198,190,Alola,Golem
211,198,190,Normal,Golem
170,127,137,Galarian,Ponyta
170,127,137,Normal,Ponyta
207,162,163,Galarian,Rapidash
207,162,163,Normal,Rapidash
109,98,207,2020,Slowpoke
109,98,207,Galarian,Slowpoke
109,98,207,Normal,Slowpoke
177,180,216,2021,Slowbro
182,156,216,Galarian,Slowbro
177,180,216,Normal,Slowbro
165,121,93,Normal,Magnemite
223,169,137,Normal,Magneton
174,114,141,Galarian,Farfetch’d
124,115,141,Normal,Farfetch’d
158,83,111,Normal,Doduo
218,140,155,Normal,Dodrio
85,121,163,Normal,Seel
139,177,207,Normal,Dewgong
135,90,190,Alola,Grimer
135,90,190,Normal,Grimer
190,172,233,Alola,Muk
190,172,233,Normal,Muk
116,134,102,Normal,Shellder
186,256,137,Normal,Cloyster
186,67,102,Normal,Gastly
223,107,128,Normal,Haunter
261,149,155,Costume_2020,Gengar
261,149,155,Normal,Gengar
85,232,111,Normal,Onix
89,136,155,Normal,Drowzee
144,193,198,Normal,Hypno
181,124,102,Normal,Krabby
240,181,146,Normal,Kingler
109,111,120,Hisuian,Voltorb
109,111,120,Normal,Voltorb
176,176,155,Hisuian,Electrode
173,173,155,Normal,Electrode
107,125,155,Normal,Exeggcute
230,153,216,Alola,Exeggutor
233,149,216,Normal,Exeggutor
90,144,137,Normal,Cubone
144,186,155,Alola,Marowak
144,186,155,Normal,Marowak
224,181,137,Normal,Hitmonlee
193,197,137,Normal,Hitmonchan
108,137,207,Normal,Lickitung
119,141,120,Normal,Koffing
174,197,163,Galarian,Weezing
174,197,163,Normal,Weezing
140,127,190,Normal,Rhyhorn
222,171,233,Normal,Rhydon
60,128,487,Normal,Chansey
183,169,163,Normal,Tangela
181,165,233,Normal,Kangaskhan
129,103,102,Normal,Horsea
187,156,146,Normal,Seadra
123,110,128,Normal,Goldeen
175,147,190,Normal,Seaking
137,112,102,Normal,Staryu
210,184,155,Normal,Starmie
183,169,137,Galarian,Mr. Mime
192,205,120,Normal,Mr. Mime
218,170,172,Normal,Scyther
223,151,163,Normal,Jynx
198,158,163,Normal,Electabuzz
206,154,163,Normal,Magmar
238,182,163,Normal,Pinsir
198,183,181,Normal,Tauros
29,85,85,Normal,Magikarp
237,186,216,Normal,Gyarados
165,174,277,Costume_2020,Lapras
165,174,277,Normal,Lapras
91,91,134,Normal,Ditto
104,114,146,Gofest_2024_mtiara,Eevee
104,114,146,Gofest_2024_stiara,Eevee
104,114,146,Normal,Eevee
205,161,277,Normal,Vaporeon
232,182,163,Normal,Jolteon
246,179,163,Normal,Flareon
153,136,163,Normal,Porygon
155,153,111,Normal,Omanyte
207,201,172,Normal,Omastar
148,140,102,Normal,Kabuto
220,186,155,Normal,Kabutops
221,159,190,Normal,Aerodactyl
221,159,190,Summer_2023,Aerodactyl
190,169,330,Normal,Snorlax
250,197,207,Galarian,Articuno
192,236,207,Normal,Articuno
252,189,207,Galarian,Zapdos
253,185,207,Normal,Zapdos
202,231,207,Galarian,Moltres
251,181,207,Normal,Moltres
119,91,121,Normal,Dratini
163,135,156,Normal,Dragonair
263,198,209,Normal,Dragonite
182,278,214,A,Mewtwo
300,182,214,Normal,Mewtwo
210,210,225,Normal,Mew
92,122,128,Normal,Chikorita
122,155,155,Normal,Bayleef
168,202,190,Normal,Meganium
116,93,118,Normal,Cyndaquil
158,126,151,Normal,Quilava
238,172,177,Hisuian,Typhlosion
223,173,186,Normal,Typhlosion
117,109,137,Normal,Totodile
150,142,163,Normal,Croconaw
205,188,198,Normal,Feraligatr
79,73,111,Normal,Sentret
148,125,198,Normal,Furret
67,88,155,Normal,Hoothoot
145,156,225,Normal,Noctowl
72,118,120,Normal,Ledyba
107,179,146,Normal,Ledian
105,73,120,Normal,Spinarak
161,124,172,Normal,Ariados
194,178,198,Normal,Crobat
106,97,181,Normal,Chinchou
146,137,268,Normal,Lanturn
77,53,85,Normal,Pichu
75,79,137,Normal,Cleffa
69,32,207,Normal,Igglybuff
67,116,111,Normal,Togepi
139,181,146,Normal,Togetic
134,89,120,Normal,Natu
192,146,163,Normal,Xatu
114,79,146,Normal,Mareep
145,109,172,Normal,Flaaffy
211,169,207,Normal,Ampharos
169,186,181,Normal,Bellossom
37,93,172,Normal,Marill
112,152,225,Normal,Azumarill
167,176,172,Normal,Sudowoodo
174,179,207,Normal,Politoed
67,94,111,Normal,Hoppip
91,120,146,Normal,Skiploom
118,183,181,Normal,Jumpluff
136,112,146,Normal,Aipom
55,55,102,Normal,Sunkern
185,135,181,Normal,Sunflora
154,94,163,Normal,Yanma
75,66,146,Normal,Wooper
75,66,146,Paldea,Wooper
152,143,216,Normal,Quagsire
261,175,163,Gofest_2024_sscarf,Espeon
261,175,163,Normal,Espeon
126,240,216,Gofest_2024_mscarf,Umbreon
126,240,216,Normal,Umbreon
175,87,155,Normal,Murkrow
177,180,216,2022,Slowking
190,180,216,Galarian,Slowking
177,180,216,Normal,Slowking
167,154,155,Normal,Misdreavus
136,91,134,A,Unown
136,91,134,B,Unown
136,91,134,C,Unown
136,91,134,D,Unown
136,91,134,E,Unown
136,91,134,Exclamation_point,Unown
136,91,134,F,Unown
136,91,134,G,Unown
136,91,134,H,Unown
136,91,134,I,Unown
136,91,134,J,Unown
136,91,134,K,Unown
136,91,134,L,Unown
136,91,134,M,Unown
136,91,134,N,Unown
136,91,134,O,Unown
136,91,134,P,Unown
136,91,134,Q,Unown
136,91,134,Question_mark,Unown
136,91,134,R,Unown
136,91,134,S,Unown
136,91,134,T,Unown
136,91,134,U,Unown
136,91,134,V,Unown
136,91,134,W,Unown
136,91,134,X,Unown
136,91,134,Y,Unown
136,91,134,Z,Unown
60,106,382,Normal,Wobbuffet
182,133,172,Normal,Girafarig
108,122,137,Normal,Pineco
161,205,181,Normal,Forretress
131,128,225,Normal,Dunsparce
143,184,163,Normal,Gligar
148,272,181,Normal,Steelix
137,85,155,Normal,Snubbull
212,131,207,Normal,Granbull
184,151,163,Hisuian,Qwilfish
184,138,163,Normal,Qwilfish
236,181,172,Normal,Scizor
17,396,85,Normal,Shuckle
234,179,190,Normal,Heracross
189,146,146,Hisuian,Sneasel
189,146,146,Normal,Sneasel
142,93,155,Normal,Teddiursa
236,144,207,Normal,Ursaring
118,71,120,Normal,Slugma
139,191,137,Normal,Magcargo
90,69,137,Normal,Swinub
181,138,225,Normal,Piloswine
116,182,155,Galarian,Corsola
118,156,146,Normal,Corsola
127,69,111,Normal,Remoraid
197,141,181,Normal,Octillery
128,90,128,Normal,Delibird
128,90,128,Winter_2020,Delibird
148,226,163,Normal,Mantine
148,226,163,Normal,Skarmory
152,83,128,Normal,Houndour
224,144,181,Normal,Houndoom
194,194,181,Normal,Kingdra
107,98,207,Normal,Phanpy
214,185,207,Normal,Donphan
198,180,198,Normal,Porygon2
192,131,177,Normal,Stantler
40,83,146,Normal,Smeargle
64,64,111,Normal,Tyrogue
173,207,137,Normal,Hitmontop
153,91,128,Normal,Smoochum
135,101,128,Normal,Elekid
151,99,128,Normal,Magby
157,193,216,Normal,Miltank
129,169,496,Normal,Blissey
241,195,207,Normal,Raikou
241,195,207,S,Raikou
235,171,251,Normal,Entei
235,171,251,S,Entei
180,235,225,Normal,Suicune
180,235,225,S,Suicune
115,93,137,Normal,Larvitar
155,133,172,Normal,Pupitar
251,207,225,Normal,Tyranitar
193,310,235,Normal,Lugia
193,310,235,S,Lugia
239,244,214,Normal,Ho-Oh
239,244,214,S,Ho-Oh
210,210,225,Normal,Celebi
124,94,120,Normal,Treecko
172,120,137,Normal,Grovyle
223,169,172,Normal,Sceptile
130,87,128,Normal,Torchic
163,115,155,Normal,Combusken
240,141,190,Normal,Blaziken
126,93,137,Normal,Mudkip
156,133,172,Normal,Marshtomp
208,175,225,Normal,Swampert
96,61,111,Normal,Poochyena
171,132,172,Normal,Mightyena
58,80,116,Galarian,Zigzagoon
58,80,116,Normal,Zigzagoon
142,128,186,Galarian,Linoone
142,128,186,Normal,Linoone
75,59,128,Normal,Wurmple
60,77,137,Normal,Silcoon
189,98,155,Normal,Beautifly
60,77,137,Normal,Cascoon
98,162,155,Normal,Dustox
71,77,120,Normal,Lotad
112,119,155,Normal,Lombre
173,176,190,Normal,Ludicolo
71,77,120,Normal,Seedot
134,78,172,Normal,Nuzleaf
200,121,207,Normal,Shiftry
106,61,120,Normal,Taillow
185,124,155,Normal,Swellow
106,61,120,Normal,Wingull
175,174,155,Normal,Pelipper
79,59,99,Normal,Ralts
117,90,116,Normal,Kirlia
237,195,169,Normal,Gardevoir
93,87,120,Normal,Surskit
192,150,172,Normal,Masquerain
74,110,155,Normal,Shroomish
241,144,155,Normal,Breloom
104,92,155,Normal,Slakoth
159,145,190,Normal,Vigoroth
290,166,284,Normal,Slaking
80,126,104,Normal,Nincada
199,112,156,Normal,Ninjask
153,73,1,Normal,Shedinja
92,42,162,Normal,Whismur
134,81,197,Normal,Loudred
179,137,232,Normal,Exploud
99,54,176,Normal,Makuhita
209,114,302,Normal,Hariyama
36,71,137,Normal,Azurill
82,215,102,Normal,Nosepass
84,79,137,Normal,Skitty
132,127,172,Normal,Delcatty
141,136,137,Costume_2020,Sableye
141,136,137,Normal,Sableye
155,141,137,Normal,Mawile
121,141,137,Normal,Aron
158,198,155,Normal,Lairon
198,257,172,Normal,Aggron
78,107,102,Normal,Meditite
121,152,155,Normal,Medicham
123,78,120,Normal,Electrike
215,127,172,Normal,Manectric
167,129,155,Normal,Plusle
147,150,155,Normal,Minun
143,166,163,Normal,Volbeat
143,166,163,Normal,Illumise
186,131,137,Normal,Roselia
80,99,172,Normal,Gulpin
140,159,225,Normal,Swalot
171,39,128,Normal,Carvanha
243,83,172,Normal,Sharpedo
136,68,277,Normal,Wailmer
175,87,347,Normal,Wailord
119,79,155,Normal,Numel
194,136,172,Normal,Camerupt
151,203,172,Normal,Torkoal
125,122,155,Normal,Spoink
171,188,190,Normal,Grumpig
116,116,155,00,Spinda
116,116,155,01,Spinda
116,116,155,02,Spinda
116,116,155,03,Spinda
116,116,155,04,Spinda
116,116,155,05,Spinda
116,116,155,06,Spinda
116,116,155,07,Spinda
116,116,155,08,Spinda
116,116,155,09,Spinda
116,116,155,10,Spinda
116,116,155,11,Spinda
116,116,155,12,Spinda
116,116,155,13,Spinda
116,116,155,14,Spinda
116,116,155,15,Spinda
116,116,155,16,Spinda
116,116,155,17,Spinda
116,116,155,18,Spinda
116,116,155,19,Spinda
162,78,128,Normal,Trapinch
134,99,137,Normal,Vibrava
205,168,190,Normal,Flygon
156,74,137,Normal,Cacnea
221,115,172,Normal,Cacturne
76,132,128,Normal,Swablu
141,201,181,Normal,Altaria
222,124,177,Normal,Zangoose
196,118,177,Normal,Seviper
178,153,207,Normal,Lunatone
178,153,207,Normal,Solrock
93,82,137,Normal,Barboach
151,141,242,Normal,Whiscash
141,99,125,Normal,Corphish
224,142,160,Normal,Crawdaunt
77,124,120,Normal,Baltoy
140,229,155,Normal,Claydol
105,150,165,Normal,Lileep
152,194,200,Normal,Cradily
176,100,128,Normal,Anorith
222,174,181,Normal,Armaldo
29,85,85,Normal,Feebas
192,219,216,Normal,Milotic
139,139,172,Normal,Castform
139,139,172,Rainy,Castform
139,139,172,Snowy,Castform
139,139,172,Sunny,Castform
161,189,155,Normal,Kecleon
138,65,127,Normal,Shuppet
218,126,162,Normal,Banette
70,162,85,Normal,Duskull
124,234,120,Normal,Dusclops
136,163,223,Normal,Tropius
175,170,181,Normal,Chimecho
246,120,163,Normal,Absol
41,86,216,Normal,Wynaut
95,95,137,Normal,Snorunt
162,162,190,Normal,Glalie
95,90,172,Normal,Spheal
137,132,207,Normal,Sealeo
182,176,242,Normal,Walrein
133,135,111,Normal,Clamperl
197,179,146,Normal,Huntail
211,179,146,Normal,Gorebyss
162,203,225,Normal,Relicanth
81,128,125,Normal,Luvdisc
134,93,128,Normal,Bagon
172,155,163,Normal,Shelgon
277,168,216,Normal,Salamence
96,132,120,Normal,Beldum
138,176,155,Normal,Metang
257,228,190,Normal,Metagross
179,309,190,Normal,Regirock
179,309,190,Normal,Regice
143,285,190,Normal,Registeel
228,246,190,Normal,Latias
228,246,190,S,Latias
268,212,190,Normal,Latios
268,212,190,S,Latios
270,228,205,Normal,Kyogre
270,228,205,Normal,Groudon
284,170,213,Normal,Rayquaza
210,210,225,Normal,Jirachi
414,46,137,Attack,Deoxys
144,330,137,Defense,Deoxys
345,115,137,Normal,Deoxys
230,218,137,Speed,Deoxys
119,110,146,Normal,Turtwig
157,143,181,Normal,Grotle
202,188,216,Normal,Torterra
113,86,127,Normal,Chimchar
158,105,162,Normal,Monferno
222,151,183,Normal,Infernape
112,102,142,Normal,Piplup
150,139,162,Normal,Prinplup
210,186,197,Normal,Empoleon
101,58,120,Normal,Starly
142,94,146,Normal,Staravia
234,140,198,Normal,Staraptor
80,73,153,Normal,Bidoof
162,119,188,Normal,Bibarel
45,74,114,Normal,Kricketot
160,100,184,Normal,Kricketune
117,64,128,Normal,Shinx
159,95,155,Normal,Luxio
232,156,190,Normal,Luxray
91,109,120,Normal,Budew
243,185,155,Normal,Roserade
218,71,167,Normal,Cranidos
295,109,219,Normal,Rampardos
76,195,102,Normal,Shieldon
94,286,155,Normal,Bastiodon
53,83,120,Plant,Burmy
53,83,120,Sandy,Burmy
53,83,120,Trash,Burmy
141,180,155,Plant,Wormadam
141,180,155,Sandy,Wormadam
127,175,155,Trash,Wormadam
185,98,172,Normal,Mothim
59,83,102,Normal,Combee
149,190,172,Normal,Vespiquen
94,172,155,Normal,Pachirisu
132,67,146,Normal,Buizel
221,114,198,Normal,Floatzel
108,92,128,Normal,Cherubi
170,153,172,Overcast,Cherrim
170,153,172,Sunny,Cherrim
103,105,183,East_sea,Shellos
103,105,183,West_sea,Shellos
169,143,244,East_sea,Gastrodon
169,143,244,West_sea,Gastrodon
205,143,181,Normal,Ambipom
117,80,207,Normal,Drifloon
180,102,312,Normal,Drifblim
130,105,146,Normal,Buneary
156,194,163,Normal,Lopunny
211,187,155,Normal,Mismagius
243,103,225,Normal,Honchkrow
109,82,135,Normal,Glameow
172,133,174,Normal,Purugly
114,94,128,Normal,Chingling
121,90,160,Normal,Stunky
184,132,230,Normal,Skuntank
43,154,149,Normal,Bronzor
161,213,167,Normal,Bronzong
124,133,137,Normal,Bonsly
125,142,85,Normal,Mime Jr.
25,77,225,Normal,Happiny
183,91,183,Normal,Chatot
169,199,137,Normal,Spiritomb
124,84,151,Normal,Gible
172,125,169,Normal,Gabite
261,193,239,Normal,Garchomp
137,117,286,Normal,Munchlax
127,78,120,Normal,Riolu
236,144,172,Normal,Lucario
124,118,169,Normal,Hippopotas
201,191,239,Normal,Hippowdon
93,151,120,Normal,Skorupi
180,202,172,Normal,Drapion
116,76,134,Normal,Croagunk
211,133,195,Normal,Toxicroak
187,136,179,Normal,Carnivine
96,116,135,Normal,Finneon
142,170,170,Normal,Lumineon
105,179,128,Normal,Mantyke
115,105,155,Normal,Snover
178,158,207,Normal,Abomasnow
243,171,172,Normal,Weavile
238,205,172,Normal,Magnezone
161,181,242,Normal,Lickilicky
241,190,251,Normal,Rhyperior
207,184,225,Normal,Tangrowth
249,163,181,Normal,Electivire
247,172,181,Normal,Magmortar
225,217,198,Normal,Togekiss
231,156,200,Normal,Yanmega
216,219,163,Normal,Leafeon
238,205,163,Normal,Glaceon
185,222,181,Normal,Gliscor
247,146,242,Normal,Mamoswine
264,150,198,Normal,Porygon-Z
237,195,169,Normal,Gallade
135,275,155,Normal,Probopass
180,254,128,Normal,Dusknoir
171,150,172,Normal,Froslass
204,219,137,Fan,Rotom
204,219,137,Frost,Rotom
204,219,137,Heat,Rotom
204,219,137,Mow,Rotom
185,159,137,Normal,Rotom
204,219,137,Wash,Rotom
156,270,181,Normal,Uxie
212,212,190,Normal,Mesprit
270,151,181,Normal,Azelf
275,211,205,Normal,Dialga
270,225,205,Origin,Dialga
280,215,189,Normal,Palkia
286,223,189,Origin,Palkia
251,213,209,Normal,Heatran
287,210,221,Normal,Regigigas
187,225,284,Altered,Giratina
225,187,284,Origin,Giratina
152,258,260,Normal,Cresselia
162,162,190,Normal,Phione
210,210,225,Normal,Manaphy
285,198,172,Normal,Darkrai
210,210,225,Land,Shaymin
261,166,225,Sky,Shaymin
238,238,237,Bug,Arceus
238,238,237,Dark,Arceus
238,238,237,Dragon,Arceus
238,238,237,Electric,Arceus
238,238,237,Fairy,Arceus
238,238,237,Fighting,Arceus
238,238,237,Fire,Arceus
238,238,237,Flying,Arceus
238,238,237,Ghost,Arceus
238,238,237,Grass,Arceus
238,238,237,Ground,Arceus
238,238,237,Ice,Arceus
238,238,237,Normal,Arceus
238,238,237,Poison,Arceus
238,238,237,Psychic,Arceus
238,238,237,Rock,Arceus
238,238,237,Steel,Arceus
238,238,237,Water,Arceus
210,210,225,Normal,Victini
88,107,128,Normal,Snivy
122,152,155,Normal,Servine
161,204,181,Normal,Serperior
115,85,163,Normal,Tepig
173,106,207,Normal,Pignite
235,127,242,Normal,Emboar
117,85,146,Normal,Oshawott
159,116,181,Normal,Dewott
218,152,207,Hisuian,Samurott
212,157,216,Normal,Samurott
98,73,128,Normal,Patrat
165,139,155,Normal,Watchog
107,86,128,Normal,Lillipup
145,126,163,Normal,Herdier
206,182,198,Normal,Stoutland
98,73,121,Normal,Purrloin
187,106,162,Normal,Liepard
104,94,137,Normal,Pansage
206,133,181,Normal,Simisage
104,94,137,Normal,Pansear
206,133,181,Normal,Simisear
104,94,137,Normal,Panpour
206,133,181,Normal,Simipour
111,92,183,Normal,Munna
183,166,253,Normal,Musharna
98,80,137,Normal,Pidove
144,107,158,Normal,Tranquill
226,146,190,Normal,Unfezant
118,64,128,Normal,Blitzle
211,136,181,Normal,Zebstrika
121,110,146,Normal,Roggenrola
174,143,172,Normal,Boldore
226,201,198,Normal,Gigalith
107,85,163,Normal,Woobat
161,119,167,Normal,Swoobat
154,85,155,Normal,Drilbur
255,129,242,Normal,Excadrill
114,163,230,Normal,Audino
134,87,181,Normal,Timburr
180,134,198,Normal,Gurdurr
243,158,233,Normal,Conkeldurr
98,78,137,Normal,Tympole
128,109,181,Normal,Palpitoad
188,150,233,Normal,Seismitoad
172,160,260,Normal,Throh
231,153,181,Normal,Sawk
96,124,128,Normal,Sewaddle
115,162,146,Normal,Swadloon
205,165,181,Normal,Leavanny
83,99,102,Normal,Venipede
100,173,120,Normal,Whirlipede
203,175,155,Normal,Scolipede
71,111,120,Normal,Cottonee
164,176,155,Normal,Whimsicott
119,91,128,Normal,Petilil
214,155,172,Normal,Lilligant
189,129,172,Blue_striped,Basculin
189,129,172,Red_striped,Basculin
189,129,172,White_striped,Basculin
132,69,137,Normal,Sandile
155,90,155,Normal,Krokorok
229,158,216,Normal,Krookodile
153,86,172,Galarian,Darumaka
153,86,172,Normal,Darumaka
263,114,233,Galarian_standard,Darmanitan
323,123,233,Galarian_zen,Darmanitan
263,114,233,Standard,Darmanitan
243,202,233,Zen,Darmanitan
201,130,181,Normal,Maractus
118,128,137,Normal,Dwebble
188,200,172,Normal,Crustle
132,132,137,Normal,Scraggy
163,222,163,Normal,Scrafty
204,167,176,Normal,Sigilyph
95,141,116,Galarian,Yamask
95,141,116,Normal,Yamask
163,237,151,Normal,Cofagrigus
134,146,144,Normal,Tirtouga
192,197,179,Normal,Carracosta
213,89,146,Normal,Archen
292,139,181,Normal,Archeops
96,122,137,Normal,Trubbish
181,164,190,Normal,Garbodor
153,78,120,Normal,Zorua
250,127,155,Normal,Zoroark
98,80,146,Normal,Minccino
198,130,181,Normal,Cinccino
98,112,128,Normal,Gothita
137,153,155,Normal,Gothorita
176,205,172,Normal,Gothitelle
170,83,128,Normal,Solosis
208,103,163,Normal,Duosion
214,148,242,Normal,Reuniclus
84,96,158,Normal,Ducklett
182,132,181,Normal,Swanna
118,106,113,Normal,Vanillite
151,138,139,Normal,Vanillish
218,184,174,Normal,Vanilluxe
115,100,155,Autumn,Deerling
115,100,155,Spring,Deerling
115,100,155,Summer,Deerling
115,100,155,Winter,Deerling
198,146,190,Autumn,Sawsbuck
198,146,190,Spring,Sawsbuck
198,146,190,Summer,Sawsbuck
198,146,190,Winter,Sawsbuck
158,127,146,Normal,Emolga
137,87,137,Normal,Karrablast
223,187,172,Normal,Escavalier
97,91,170,Normal,Foongus
155,139,249,Normal,Amoonguss
115,134,146,Female,Frillish
115,134,146,Normal,Frillish
159,178,225,Female,Jellicent
159,178,225,Normal,Jellicent
138,131,338,Normal,Alomomola
110,98,137,Normal,Joltik
201,128,172,Normal,Galvantula
82,155,127,Normal,Ferroseed
158,223,179,Normal,Ferrothorn
98,121,120,Normal,Klink
150,174,155,Normal,Klang
199,214,155,Normal,Klinklang
105,78,111,Normal,Tynamo
156,130,163,Normal,Eelektrik
217,152,198,Normal,Eelektross
148,100,146,Normal,Elgyem
221,163,181,Normal,Beheeyem
108,98,137,Normal,Litwick
169,115,155,Normal,Lampent
271,182,155,Normal,Chandelure
154,101,130,Normal,Axew
212,123,165,Normal,Fraxure
284,172,183,Normal,Haxorus
128,74,146,Normal,Cubchoo
128,74,146,Winter_2020,Cubchoo
233,152,216,Normal,Beartic
233,152,216,Winter_2020,Beartic
190,218,190,Normal,Cryogonal
72,140,137,Normal,Shelmet
220,120,190,Normal,Accelgor
144,171,240,Galarian,Stunfisk
144,171,240,Normal,Stunfisk
160,98,128,Normal,Mienfoo
258,127,163,Normal,Mienshao
213,170,184,Normal,Druddigon
127,92,153,Normal,Golett
222,154,205,Normal,Golurk
154,114,128,Normal,Pawniard
232,176,163,Normal,Bisharp
195,182,216,Normal,Bouffalant
150,97,172,Normal,Rufflet
213,137,242,Hisuian,Braviary
232,152,225,Normal,Braviary
105,139,172,Normal,Vullaby
129,205,242,Normal,Mandibuzz
204,129,198,Normal,Heatmor
217,188,151,Normal,Durant
116,93,141,Normal,Deino
159,135,176,Normal,Zweilous
256,188,211,Normal,Hydreigon
156,107,146,Normal,Larvesta
264,189,198,Normal,Volcarona
192,229,209,Normal,Cobalion
260,192,209,Normal,Terrakion
192,229,209,Normal,Virizion
266,164,188,Incarnate,Tornadus
238,189,188,Therian,Tornadus
266,164,188,Incarnate,Thundurus
295,161,188,Therian,Thundurus
275,211,205,Normal,Reshiram
275,211,205,Normal,Zekrom
261,182,205,Incarnate,Landorus
289,179,205,Therian,Landorus
310,183,245,Black,Kyurem
246,170,245,Normal,Kyurem
310,183,245,White,Kyurem
260,192,209,Ordinary,Keldeo
260,192,209,Resolute,Keldeo
250,225,225,Aria,Meloetta
269,188,225,Pirouette,Meloetta
252,199,174,Burn,Genesect
252,199,174,Chill,Genesect
252,199,174,Douse,Genesect
252,199,174,Normal,Genesect
252,199,174,Shock,Genesect
110,106,148,Normal,Chespin
146,156,156,Normal,Quilladin
201,204,204,Normal,Chesnaught
116,102,120,Normal,Fennekin
171,130,153,Normal,Braixen
230,189,181,Normal,Delphox
122,84,121,Normal,Froakie
168,114,144,Normal,Frogadier
223,152,176,Normal,Greninja
68,72,116,Normal,Bunnelby
112,155,198,Normal,Diggersby
95,80,128,Normal,Fletchling
145,110,158,Normal,Fletchinder
176,155,186,Normal,Talonflame
63,63,116,Archipelago,Scatterbug
63,63,116,Continental,Scatterbug
63,63,116,Elegant,Scatterbug
63,63,116,Fancy,Scatterbug
63,63,116,Garden,Scatterbug
63,63,116,High_plains,Scatterbug
63,63,116,Icy_snow,Scatterbug
63,63,116,Jungle,Scatterbug
63,63,116,Marine,Scatterbug
63,63,116,Meadow,Scatterbug
63,63,116,Modern,Scatterbug
63,63,116,Monsoon,Scatterbug
63,63,116,Ocean,Scatterbug
63,63,116,Pokeball,Scatterbug
63,63,116,Polar,Scatterbug
63,63,116,River,Scatterbug
63,63,116,Sandstorm,Scatterbug
63,63,116,Savanna,Scatterbug
63,63,116,Sun,Scatterbug
63,63,116,Tundra,Scatterbug
48,89,128,Archipelago,Spewpa
48,89,128,Continental,Spewpa
48,89,128,Elegant,Spewpa
48,89,128,Fancy,Spewpa
48,89,128,Garden,Spewpa
48,89,128,High_plains,Spewpa
48,89,128,Icy_snow,Spewpa
48,89,128,Jungle,Spewpa
48,89,128,Marine,Spewpa
48,89,128,Meadow,Spewpa
48,89,128,Modern,Spewpa
48,89,128,Monsoon,Spewpa
48,89,128,Ocean,Spewpa
48,89,128,Pokeball,Spewpa
48,89,128,Polar,Spewpa
48,89,128,River,Spewpa
48,89,128,Sandstorm,Spewpa
48,89,128,Savanna,Spewpa
48,89,128,Sun,Spewpa
48,89,128,Tundra,Spewpa
176,103,190,Archipelago,Vivillon
176,103,190,Continental,Vivillon
176,103,190,Elegant,Vivillon
176,103,190,Fancy,Vivillon
176,103,190,Garden,Vivillon
176,103,190,High_plains,Vivillon
176,103,190,Icy_snow,Vivillon
176,103,190,Jungle,Vivillon
176,103,190,Marine,Vivillon
176,103,190,Meadow,Vivillon
176,103,190,Modern,Vivillon
176,103,190,Monsoon,Vivillon
176,103,190,Ocean,Vivillon
176,103,190,Pokeball,Vivillon
176,103,190,Polar,Vivillon
176,103,190,River,Vivillon
176,103,190,Sandstorm,Vivillon
176,103,190,Savanna,Vivillon
176,103,190,Sun,Vivillon
176,103,190,Tundra,Vivillon
139,112,158,Normal,Litleo
221,149,200,Female,Pyroar
221,149,200,Normal,Pyroar
108,120,127,Blue,Flabebe
108,120,127,Orange,Flabebe
108,120,127,Red,Flabebe
108,120,127,White,Flabebe
108,120,127,Yellow,Flabebe
136,151,144,Blue,Floette
136,151,144,Orange,Floette
136,151,144,Red,Floette
136,151,144,White,Floette
136,151,144,Yellow,Floette
212,244,186,Blue,Florges
212,244,186,Orange,Florges
212,244,186,Red,Florges
212,244,186,White,Florges
212,244,186,Yellow,Florges
123,102,165,Normal,Skiddo
196,146,265,Normal,Gogoat
145,107,167,Normal,Pancham
226,146,216,Normal,Pangoro
164,167,181,Dandy,Furfrou
164,167,181,Debutante,Furfrou
164,167,181,Diamond,Furfrou
164,167,181,Heart,Furfrou
164,167,181,Kabuki,Furfrou
164,167,181,La_reine,Furfrou
164,167,181,Matron,Furfrou
164,167,181,Natural,Furfrou
164,167,181,Pharaoh,Furfrou
164,167,181,Star,Furfrou
120,114,158,Normal,Espurr
166,167,179,Female,Meowstic
166,167,179,Normal,Meowstic
0,0,0,Normal,Honedge
0,0,0,Normal,Doublade
0,0,0,Normal,Aegislash
110,113,186,Normal,Spritzee
173,150,226,Normal,Aromatisse
109,119,158,Normal,Swirlix
168,163,193,Normal,Slurpuff
98,95,142,Normal,Inkay
177,165,200,Normal,Malamar
96,120,123,Normal,Binacle
194,205,176,Normal,Barbaracle
109,109,137,Normal,Skrelp
177,207,163,Normal,Dragalge
108,117,137,Normal,Clauncher
221,171,174,Normal,Clawitzer
115,78,127,Normal,Helioptile
219,168,158,Normal,Heliolisk
158,123,151,Normal,Tyrunt
227,191,193,Normal,Tyrantrum
124,109,184,Normal,Amaura
186,163,265,Normal,Aurorus
203,205,216,Normal,Sylveon
195,153,186,Normal,Hawlucha
164,134,167,Normal,Dedenne
95,285,137,Normal,Carbink
101,112,128,Normal,Goomy
159,176,169,Normal,Sliggoo
220,242,207,Normal,Goodra
160,179,149,Normal,Klefki
125,103,125,Normal,Phantump
201,154,198,Normal,Trevenant
121,123,135,Average,Pumpkaboo
120,122,144,Large,Pumpkaboo
122,124,127,Small,Pumpkaboo
118,120,153,Super,Pumpkaboo
175,213,163,Average,Gourgeist
179,206,181,Large,Gourgeist
171,219,146,Small,Gourgeist
182,200,198,Super,Gourgeist
117,120,146,Normal,Bergmite
214,238,216,Hisuian,Avalugg
196,240,216,Normal,Avalugg
83,73,120,Normal,Noibat
205,175,198,Normal,Noivern
250,185,246,Normal,Xerneas
250,185,246,Normal,Yveltal
184,207,389,Complete,Zygarde
203,232,239,Complete_fifty_percent,Zygarde
205,173,144,Complete_ten_percent,Zygarde
203,232,239,Fifty_percent,Zygarde
205,173,144,Ten_percent,Zygarde
190,285,137,Normal,Diancie
261,187,173,Confined,Hoopa
311,191,173,Unbound,Hoopa
252,216,190,Normal,Volcanion
102,99,169,Normal,Rowlet
142,139,186,Normal,Dartrix
213,174,204,Hisuian,Decidueye
210,179,186,Normal,Decidueye
128,79,128,Normal,Litten
174,103,163,Normal,Torracat
214,175,216,Normal,Incineroar
120,103,137,Normal,Popplio
168,145,155,Normal,Brionne
232,195,190,Normal,Primarina
136,59,111,Normal,Pikipek
159,100,146,Normal,Trumbeak
222,146,190,Normal,Toucannon
122,56,134,Normal,Yungoos
194,113,204,Normal,Gumshoos
115,85,132,Normal,Grubbin
145,161,149,Normal,Charjabug
254,158,184,Normal,Vikavolt
150,104,132,Normal,Crabrawler
231,138,219,Normal,Crabominable
196,145,181,Baile,Oricorio
196,145,181,Pau,Oricorio
196,145,181,Pompom,Oricorio
196,145,181,Sensu,Oricorio
110,81,120,Normal,Cutiefly
198,146,155,Normal,Ribombee
117,78,128,Dusk,Rockruff
117,78,128,Normal,Rockruff
234,139,181,Dusk,Lycanroc
231,140,181,Midday,Lycanroc
218,152,198,Midnight,Lycanroc
255,242,128,School,Wishiwashi
46,43,128,Solo,Wishiwashi
98,110,137,Normal,Mareanie
114,273,137,Normal,Toxapex
175,121,172,Normal,Mudbray
214,174,225,Normal,Mudsdale
72,117,116,Normal,Dewpider
126,219,169,Normal,Araquanid
100,64,120,Normal,Fomantis
192,169,172,Normal,Lurantis
108,119,120,Normal,Morelull
154,168,155,Normal,Shiinotic
136,80,134,Normal,Salandit
228,130,169,Normal,Salazzle
136,95,172,Normal,Stufful
226,141,260,Normal,Bewear
55,69,123,Normal,Bounsweet
78,94,141,Normal,Steenee
222,195,176,Normal,Tsareena
165,215,139,Normal,Comfey
168,192,207,Normal,Oranguru
222,160,225,Normal,Passimian
67,74,93,Normal,Wimpod
218,226,181,Normal,Golisopod
120,118,146,Normal,Sandygast
178,178,198,Normal,Palossand
97,224,146,Normal,Pyukumuku
184,184,216,Normal,Type: Null
198,198,216,Bug,Silvally
198,198,216,Dark,Silvally
198,198,216,Dragon,Silvally
198,198,216,Electric,Silvally
198,198,216,Fairy,Silvally
198,198,216,Fighting,Silvally
198,198,216,Fire,Silvally
198,198,216,Flying,Silvally
198,198,216,Ghost,Silvally
198,198,216,Grass,Silvally
198,198,216,Ground,Silvally
198,198,216,Ice,Silvally
198,198,216,Normal,Silvally
198,198,216,Poison,Silvally
198,198,216,Psychic,Silvally
198,198,216,Rock,Silvally
198,198,216,Steel,Silvally
198,198,216,Water,Silvally
218,131,155,Blue,Minior
218,131,155,Green,Minior
218,131,155,Indigo,Minior
218,131,155,Orange,Minior
218,131,155,Red,Minior
218,131,155,Violet,Minior
218,131,155,Yellow,Minior
216,165,163,Normal,Komala
165,215,155,Normal,Turtonator
190,145,163,Normal,Togedemaru
177,199,146,Busted,Mimikyu
177,199,146,Disguised,Mimikyu
208,145,169,Normal,Bruxish
231,164,186,Normal,Drampa
233,179,172,Normal,Dhelmise
102,108,128,Normal,Jangmo-o
145,162,146,Normal,Hakamo-o
222,240,181,Normal,Kommo-o
250,181,172,Normal,Tapu Koko
259,208,172,Normal,Tapu Lele
249,215,172,Normal,Tapu Bulu
189,254,172,Normal,Tapu Fini
54,57,125,Normal,Cosmog
54,242,125,Normal,Cosmoem
255,191,264,Normal,Solgaleo
255,191,264,Normal,Lunala
249,210,240,Normal,Nihilego
236,196,216,Normal,Buzzwole
316,85,174,Normal,Pheromosa
330,144,195,Normal,Xurkitree
207,199,219,Normal,Celesteela
323,182,139,Normal,Kartana
188,99,440,Normal,Guzzlord
277,220,200,Dawn_wings,Necrozma
277,220,200,Dusk_mane,Necrozma
251,195,219,Normal,Necrozma
337,196,200,Ultra,Necrozma
246,225,190,Normal,Magearna
246,225,190,Original_color,Magearna
265,190,207,Normal,Marshadow
145,133,167,Normal,Poipole
263,159,177,Normal,Naganadel
213,298,156,Normal,Stakataka
315,148,142,Normal,Blacephalon
252,177,204,Normal,Zeraora
118,99,130,Normal,Meltan
226,190,264,Normal,Melmetal
122,91,137,Normal,Grookey
165,134,172,Normal,Thwackey
239,168,225,Normal,Rillaboom
132,79,137,Normal,Scorbunny
170,125,163,Normal,Raboot
238,163,190,Normal,Cinderace
132,79,137,Normal,Sobble
186,113,163,Normal,Drizzile
262,142,172,Normal,Inteleon
95,86,172,Normal,Skwovet
160,156,260,Normal,Greedent
88,67,116,Normal,Rookidee
129,110,169,Normal,Corvisquire
163,192,221,Normal,Corviknight
46,67,93,Normal,Blipbug
87,157,137,Normal,Dottler
156,240,155,Normal,Orbeetle
85,82,120,Normal,Nickit
172,164,172,Normal,Thievul
70,104,120,Normal,Gossifleur
148,211,155,Normal,Eldegoss
76,97,123,Normal,Wooloo
159,198,176,Normal,Dubwool
114,85,137,Normal,Chewtle
213,164,207,Normal,Drednaw
80,90,153,Normal,Yamper
197,131,170,Normal,Boltund
73,91,102,Normal,Rolycoly
114,157,190,Normal,Carkol
146,198,242,Normal,Coalossal
71,116,120,Normal,Applin
214,144,172,Normal,Flapple
178,146,242,Normal,Appletun
103,123,141,Normal,Silicobra
202,207,176,Normal,Sandaconda
173,163,172,Normal,Cramorant
118,72,121,Normal,Arrokuda
258,127,156,Normal,Barraskewda
97,65,120,Normal,Toxel
224,140,181,Amped,Toxtricity
224,140,181,Low_key,Toxtricity
118,90,137,Normal,Sizzlipede
220,158,225,Normal,Centiskorch
121,103,137,Normal,Clobbopus
209,162,190,Normal,Grapploct
134,96,120,Antique,Sinistea
134,96,120,Phony,Sinistea
248,189,155,Antique,Polteageist
248,189,155,Phony,Polteageist
98,93,123,Normal,Hatenna
153,133,149,Normal,Hattrem
237,182,149,Normal,Hatterene
103,69,128,Normal,Impidimp
145,102,163,Normal,Morgrem
227,139,216,Normal,Grimmsnarl
180,194,212,Galarian,Obstagoon
195,162,172,Galarian,Perrserker
253,182,155,Normal,Cursola
248,176,158,Galarian,Sirfetch’d
212,179,190,Galarian,Mr. Rime
163,237,151,Galarian,Runerigus
90,97,128,Normal,Milcery
203,203,163,Normal,Alcremie
193,170,163,Normal,Falinks
176,161,134,Normal,Pincurchin
76,59,102,Normal,Snom
230,155,172,Normal,Frosmoth
222,182,225,Normal,Stonjourner
148,195,181,Ice,Eiscue
173,139,181,Noice,Eiscue
184,184,172,Female,Indeedee
208,166,155,Male,Indeedee
192,121,151,Full_belly,Morpeko
192,121,151,Hangry,Morpeko
140,91,176,Normal,Cufant
226,126,263,Normal,Copperajah
195,165,207,Normal,Dracozolt
190,166,207,Normal,Arctozolt
175,185,207,Normal,Dracovish
171,185,207,Normal,Arctovish
239,185,172,Normal,Duraludon
117,61,99,Normal,Dreepy
163,105,169,Normal,Drakloak
266,170,204,Normal,Dragapult
332,240,192,Crowned_sword,Zacian
254,236,192,Hero,Zacian
250,292,192,Crowned_shield,Zamazenta
254,236,192,Hero,Zamazenta
251,505,452,Eternamax,Eternatus
278,192,268,Normal,Eternatus
170,112,155,Normal,Kubfu
254,177,225,Rapid_strike,Urshifu
254,177,225,Single_strike,Urshifu
242,215,233,Normal,Zarude
250,125,190,Normal,Regieleki
202,101,400,Normal,Regidrago
246,223,225,Normal,Glastrier
273,146,205,Normal,Spectrier
268,246,205,Ice_rider,Calyrex
162,162,225,Normal,Calyrex
324,194,205,Shadow_rider,Calyrex
206,145,230,Normal,Wyrdeer
253,174,172,Normal,Kleavor
243,181,277,Normal,Ursaluna
259,158,190,Normal,Sneasler
222,171,198,Normal,Overqwil
281,162,179,Incarnate,Enamorus
250,201,179,Therian,Enamorus
116,99,120,Normal,Sprigatito
157,128,156,Normal,Floragato
233,153,183,Normal,Meowscarada
112,96,167,Normal,Fuecoco
162,134,191,Normal,Crocalor
207,178,232,Normal,Skeledirge
120,86,146,Normal,Quaxly
162,123,172,Normal,Quaxwell
236,159,198,Normal,Quaquaval
81,79,144,Normal,Lechonk
169,162,251,Female,Oinkologne
186,153,242,Normal,Oinkologne
70,77,111,Normal,Tarountula
139,166,155,Normal,Spidops
81,65,107,Normal,Nymble
199,144,174,Normal,Lokix
95,45,128,Normal,Pawmi
147,82,155,Normal,Pawmo
232,141,172,Normal,Pawmot
98,90,137,Normal,Tandemaus
159,157,179,Family_of_four,Maushold
159,157,179,Family_of_three,Maushold
102,126,114,Normal,Fidough
159,212,149,Normal,Dachsbun
100,89,121,Normal,Smoliv
137,131,141,Normal,Dolliv
219,189,186,Normal,Arboliva
185,105,193,Blue,Squawkabilly
185,105,193,Green,Squawkabilly
185,105,193,White,Squawkabilly
185,105,193,Yellow,Squawkabilly
95,108,146,Normal,Nacli
105,160,155,Normal,Naclstack
171,212,225,Normal,Garganacl
92,74,120,Normal,Charcadet
234,185,198,Normal,Armarouge
239,189,181,Normal,Ceruledge
104,73,156,Normal,Tadbulb
184,165,240,Normal,Bellibolt
105,75,120,Normal,Wattrel
221,132,172,Normal,Kilowattrel
140,108,155,Normal,Maschiff
230,168,190,Normal,Mabosstiff
124,70,120,Normal,Shroodle
199,149,160,Normal,Grafaiai
121,64,120,Normal,Bramblin
228,144,146,Normal,Brambleghast
97,149,120,Normal,Toedscool
166,209,190,Normal,Toedscruel
184,185,172,Normal,Klawf
118,76,137,Normal,Capsakid
216,130,163,Normal,Scovillain
86,108,121,Normal,Rellor
201,178,181,Normal,Rabsca
105,60,102,Normal,Flittle
204,127,216,Normal,Espathra
85,110,137,Normal,Tinkatink
109,145,163,Normal,Tinkatuff
155,196,198,Normal,Tinkaton
109,52,67,Normal,Wiglett
205,136,111,Normal,Wugtrio
198,172,172,Normal,Bombirdier
90,80,172,Normal,Finizen
322,196,225,Hero,Palafin
143,144,225,Zero,Palafin
123,107,128,Normal,Varoom
229,168,190,Normal,Revavroom
205,142,172,Normal,Cyclizar
161,219,172,Normal,Orthworm
187,104,134,Normal,Glimmet
246,177,195,Normal,Glimmora
105,106,137,Normal,Greavard
186,195,176,Normal,Houndstone
227,145,193,Normal,Flamigo
119,80,239,Normal,Cetoddle
208,123,347,Normal,Cetitan
196,139,207,Normal,Veluza
176,178,312,Normal,Dondozo
226,166,169,Curly,Tatsugiri
226,166,169,Droopy,Tatsugiri
226,166,169,Stretchy,Tatsugiri
220,178,242,Normal,Annihilape
127,151,277,Normal,Clodsire
209,136,260,Normal,Farigiraf
188,150,268,Three,Dudunsparce
188,150,268,Two,Dudunsparce
238,203,225,Normal,Kingambit
249,209,251,Normal,Great Tusk
139,234,251,Normal,Scream Tail
232,190,244,Normal,Brute Bonnet
280,235,146,Normal,Flutter Mane
261,193,198,Normal,Slither Wing
244,195,198,Normal,Sandy Shocks
227,216,207,Normal,Iron Treads
266,211,148,Normal,Iron Bundle
245,177,319,Normal,Iron Hands
249,179,214,Normal,Iron Jugulis
281,196,190,Normal,Iron Moth
250,200,225,Normal,Iron Thorns
134,86,163,Normal,Frigibax
173,128,207,Normal,Arctibax
254,168,229,Normal,Baxcalibur
140,76,128,Normal,Gimmighoul
252,190,202,Normal,Gholdengo
186,242,198,Normal,Wo-Chien
261,167,190,Normal,Chien-Pao
194,203,321,Normal,Ting-Lu
269,221,146,Normal,Chi-Yu
280,196,233,Normal,Roaring Moon
279,171,179,Normal,Iron Valiant
263,223,205,Apex,Koraidon
263,223,205,Ultimate,Miraidon
